barcode,sku,product_name,comment,source_page
9360851000002,PPU20K-BLK,PowerPack Universal 20K-Black,,1
9360851000019,PPU20K-WHT,PowerPack Universal 20K-White,,1
9360851000026,PPUPRO15K-BLK,PowerPack Universal Pro 15K- Black,,1
9360851000033,SNP-FMLT-BRW,FindMy Luggage Tag - Brown,,1
9360851000040,SNP-FMLT-BLK,FindMy Luggage Tag - Black,,1
9360851000057,SNP-FMLT-BGE,FindMy Luggage Tag - Beige,,1
9360851000064,PD-5K-WHT,PowerDock - White,,1
9360851000071,SM-I12P-CLR,SnapMe Frosted IP 12 PRO,,1
9360851000088,SM-I12P-FCL,SnapMe Frosted IP 12 PRO,,1
9360851000095,SM-S24-CLR,SnapMe Bumper S24 Clear,,1
9360851000101,SM-I12P-FG,SnapMe Frosted IP 12 PRO,,1
9360851000118,SM-I12P-FP,SnapMe Frosted IP 12 PRO,,1
9360851000125,SM-I12P-FB,SnapMe Frosted IP 12 PRO,,1
9360851000132,SM-I12P-FC,SnapMe Frosted IP 12 PRO,,1
9360851000149,SM-I12PM-CLR,SnapMe Frosted IP 12 Pro Max,,1
9360851000156,SM-I12PM-FCL,SnapMe Frosted IP 12 Pro Max,,1
9360851000163,SM-S24-FCL,SnapMe Frosted IP S24 Clear,,1
9360851000170,SM-I12PM-FG,SnapMe Frosted IP 12 Pro Max,,1
9360851000187,SM-I12PM-FP,SnapMe Frosted IP 12 Pro Max,,1
9360851000194,SM-I12PM-FB,SnapMe Frosted IP 12 Pro Max,,1
9360851000200,SM-I12PM-FC,SnapMe Frosted IP 12 Pro Max,,1
9360851000217,SM-I13-CLR,SnapMe Frosted IP 13,,1
9360851000224,SM-I13-FCL,SnapMe Frosted IP 13,,1
9360851000231,SM-S24-FG,SnapMe Frosted S24 Green,,1
9360851000248,SM-I13-FG,SnapMe Frosted IP 13,,1
9360851000255,SM-I13-FP,SnapMe Frosted IP 13,,1
9360851000262,SM-I13-FB,SnapMe Frosted IP 13,,1
9360851000279,SM-I13-FC,SnapMe Frosted IP 13,,1
9360851000286,SM-I13P-CLR,SnapMe Frosted IP 13 Pro,,1
9360851000293,SM-I13P-FCL,SnapMe Frosted IP 13 Pro,,1
9360851000309,SM-S24-FP,SnapMe Frosted S24 Purple,,1
9360851000316,SM-I13P-FG,SnapMe Frosted IP 13 Pro,,1
9360851000323,SM-I13P-FP,SnapMe Frosted IP 13 Pro,,1
9360851000330,SM-I13P-FB,SnapMe Frosted IP 13 Pro,,1
9360851000347,SM-I13P-FC,SnapMe Frosted IP 13 Pro,,1
9360851000354,SM-I13PM-CLR,SnapMe Frosted IP 13 Pro max,,1
9360851000361,SM-I13PM-FCL,SnapMe FrostedIP 13 Pro max,,1
9360851000378,SM-S24-FB,SnapMe Frosted S24 Blue,,1
9360851000385,SM-I13PM-FG,SnapMe FrostedIP 13 Pro max,,1
9360851000392,SM-I13PM-FP,SnapMe FrostedIP 13 Pro max,,1
9360851000408,SM-I13PM-FB,SnapMe FrostedIP 13 Pro max,,1
9360851000415,SM-I13PM-FC,SnapMe FrostedIP 13 Pro max,,1
9360851000422,SM-I14-CLR,SnapMe FrostedIP 14,,1
9360851000439,SM-I14-FCL,SnapMe FrostedIP 14,,1
9360851000446,SM-S24-FC,SnapMe Frosted S24 Charcoal,,1
9360851000453,SM-I14-FG,SnapMe FrostedIP 14,,1
9360851000460,SM-I14-FP,SnapMe FrostedIP 14,,1
9360851000477,SM-I14-FB,SnapMe FrostedIP 14,,1
9360851000484,SM-I14-FC,SnapMe FrostedIP 14,,1
9360851000491,SM-I14P-CLR,SnapMe FrostedIP 14 Pro,,1
9360851000507,SM-I14P-FCL,SnapMe FrostedIP 14 Pro,,1
9360851000514,SM-S24P-CLR,SnapMe Bumper S24 Plus Clear,,1
9360851000521,SM-I14P-FG,SnapMe FrostedIP 14 Pro,,1
9360851000538,SM-I14P-FP,SnapMe FrostedIP 14 Pro,,1
9360851000545,SM-I14P-FB,SnapMe FrostedIP 14 Pro,,1
9360851000552,SM-I14P-FC,SnapMe FrostedIP 14 Pro,,1
9360851000569,SM-I14PM-CLR,SnapMe FrostedIP 14 Pro max,,1
9360851000576,SM-I14PM-FCL,SnapMe FrostedIP 14 Pro max,,1
9360851000583,SM-S24P-FCL,SnapMe Frosted S24 Plus Clear,,1
9360851000590,SM-I14PM-FG,SnapMe FrostedIP 14 Pro max,,2
9360851000606,SM-I14PM-FP,SnapMe FrostedIP 14 Pro max,,2
9360851000613,SM-I14PM-FB,SnapMe FrostedIP 14 Pro max,,2
9360851000620,SM-I14PM-FC,SnapMe FrostedIP 14 Pro max,,2
9360851000637,SM-I15-CLR,SnapMe FrostedIP 15,,2
9360851000644,SM-I15-FCL,SnapMe FrostedIP 15,,2
9360851000651,SM-S24P-FG,SnapMe Frosted S24 Plus Green,,2
9360851000668,SM-I15-FG,SnapMe FrostedIP 15,,2
9360851000675,SM-I15-FP,SnapMe FrostedIP 15,,2
9360851000682,SM-I15-FB,SnapMe FrostedIP 15,,2
9360851000699,SM-I15-FC,SnapMe FrostedIP 15,,2
9360851000705,SM-I15P-CLR,SnapMe FrostedIP 15 Pro,,2
9360851000712,SM-I15P-FCL,SnapMe FrostedIP 15 Pro,,2
9360851000729,SM-S24P-FP,SnapMe Frosted S24 Plus Pruple,,2
9360851000736,SM-I15P-FG,SnapMe FrostedIP 15 Pro,,2
9360851000743,SM-I15P-FP,SnapMe FrostedIP 15 Pro,,2
9360851000750,SM-I15P-FB,SnapMe FrostedIP 15 Pro,,2
9360851000767,SM-I15P-FC,SnapMe FrostedIP 15 Pro,,2
9360851000774,SM-I15PM-CLR,SnapMe FrostedIP 15 Pro max,,2
9360851000781,SM-I15PM-FCL,SnapMe FrostedIP 15 Pro max,,2
9360851000798,SM-S24P-FB,SnapMe FrostedI S24 Plus Blue,,2
9360851000804,SM-I15PM-FG,SnapMe FrostedIP 15 Pro max,,2
9360851000811,SM-I15PM-FP,SnapMe FrostedIP 15 Pro max,,2
9360851000828,SM-I15PM-FB,SnapMe FrostedIP 15 Pro max,,2
9360851000835,SM-I15PM-FC,SnapMe FrostedIP 15 Pro max,,2
9360851000842,SM-S22-CLR,SnapMe Frosted S22,,2
9360851000859,SM-S22-FCL,SnapMe Frosted S22,,2
9360851000866,SM-S24P-FC,SnapMe Frosted S24 Charcoal,,2
9360851000873,SM-S22-FG,SnapMe Frosted S22,,2
9360851000880,SM-S22-FP,SnapMe Frosted S22,,2
9360851000897,SM-S22-FB,SnapMe Frosted S22,,2
9360851000903,SM-S22-FC,SnapMe Frosted S22,,2
9360851000910,SM-S22P-CLR,SnapMe Frosted S22+,,2
9360851000927,SM-S22P-FCL,SnapMe Frosted S22+,,2
9360851000934,SM-I16-CLR,SnapMe Bumper IP 16,,2
9360851000941,SM-S22P-FG,SnapMe Frosted S22+,,2
9360851000958,SM-S22P-FP,SnapMe Frosted S22+,,2
9360851000965,SM-S22P-FB,SnapMe Frosted S22+,,2
9360851000972,SM-S22P-FC,SnapMe Frosted S22+,,2
9360851000989,SM-S22U-CLR,SnapMe Frosted S22 U,,2
9360851000996,SM-S22U-FCL,SnapMe Frosted S22 U,,2
9360851001009,SM-I16-FCL,SnapMe Frosted IP 16,,2
9360851001016,SM-S22U-FG,SnapMe Frosted S22 U,,2
9360851001023,SM-S22U-FP,SnapMe Frosted S22 U,,2
9360851001030,SM-S22U-FB,SnapMe Frosted S22 U,,2
9360851001047,SM-S22U-FC,SnapMe Frosted S22 U,,2
9360851001054,SM-S23-CLR,SnapMe Frosted S23,,2
9360851001061,SM-S23-FCL,SnapMe Frosted S23,,2
9360851001078,SM-I16-FG,SnapMe Frosted IP 16,,2
9360851001085,SM-S23-FG,SnapMe Frosted S23,,2
9360851001092,SM-S23-FP,SnapMe Frosted S23,,2
9360851001108,SM-S23-FB,SnapMe Frosted S23,,2
9360851001115,SM-S23-FC,SnapMe Frosted S23,,2
9360851001122,SM-S23P-CLR,SnapMe Frosted S23+,,2
9360851001139,SM-S23P-FCL,SnapMe Frosted S23+,,2
9360851001146,SM-I16-FP,SnapMe Frosted IP 16,,2
9360851001153,SM-S23P-FG,SnapMe Frosted S23+,,2
9360851001160,SM-S23P-FP,SnapMe Frosted S23+,,2
9360851001177,SM-S23P-FB,SnapMe Frosted S23+,,2
9360851001184,SM-S23P-FC,SnapMe Frosted S23+,,3
9360851001191,SM-S23U-CLR,SnapMe Frosted S23U,,3
9360851001207,SM-S23U-FCL,SnapMe Frosted S23U,,3
9360851001214,SM-I16-FB,SnapMe Frosted IP 16,,3
9360851001221,SM-S23U-FG,SnapMe Frosted S23U,,3
9360851001238,SM-S23U-FP,SnapMe Frosted S23U,,3
9360851001245,SM-S23U-FB,SnapMe Frosted S23U,,3
9360851001252,SM-S23U-FC,SnapMe Frosted S23U,,3
9360851001269,SM-S24U-CLR,SnapMe Frosted S24 U,,3
9360851001276,SM-S24U-FCL,SnapMe Frosted S24 U,,3
9360851001283,SM-I16-FC,SnapMe Frosted IP 16,,3
9360851001290,SM-S24U-FG,SnapMe Frosted S24 U,,3
9360851001306,SM-S24U-FP,SnapMe Frosted S24 U,,3
9360851001313,SM-S24U-FB,SnapMe Frosted S24 U,,3
9360851001320,SM-S24U-FC,SnapMe Frosted S24 U,,3
9360851001337,PPB-GRN,PowerPack Bottle - Green,,3
9360851001344,PPB-ORG,PowerPack Bottle - Orange,,3
9360851001351,PPB-BLU,PowerPack Bottle - Blue,,3
9360851001368,PPUSLM-WHT,PowerPack Universal Slim - White,,3
9360851001375,PPUSLM-BLU,PowerPack Universal Slim - Blue,,3
9360851001382,PPUSLM-PRP,PowerPack Universal Slim - Purple,,3
9360851001399,PPUPRO15K-WHT,PowerPack Universal Pro 15K- White,,3
9360851001405,SM-I12P-BD1,SnapMe Bumper Design 1 iPhone 12 Pro,,3
9360851001412,SM-I12P-BD2,SnapMe Bumper Design 2 iPhone 12 Pro,,3
9360851001429,SM-I12P-BD3,SnapMe Bumper Design 3 iPhone 12 Pro,,3
9360851001436,SM-I12P-BD4,SnapMe Bumper Design 4 iPhone 12 Pro,,3
9360851001443,SM-I12P-BD5,SnapMe Bumper Design 5 iPhone 12 Pro,,3
9360851001450,SM-I12P-BD6,SnapMe Bumper Design 6 iPhone 12 Pro,,3
9360851001467,SM-I12P-FD1,SnapMe Frosted Design 1 iPhone 12 Pro,,3
9360851001474,SM-I12P-FD2,SnapMe Frosted Design 2 iPhone 12 Pro,,3
9360851001481,SM-I12P-FD3,SnapMe Frosted Design 3 iPhone 12 Pro,,3
9360851001498,SM-I12P-FD4,SnapMe Frosted Design 4 iPhone 12 Pro,,3
9360851001504,SM-I12P-FD5,SnapMe Frosted Design 5 iPhone 12 Pro,,3
9360851001511,SM-I12P-FD6,SnapMe Frosted Design 6 iPhone 12 Pro,,3
9360851001528,SM-I12PM-BD1,SnapMe Bumper Design 1 iPhone 12 Pro Max,,3
9360851001535,SM-I12PM-BD2,SnapMe Bumper Design 2 iPhone 12 Pro Max,,3
9360851001542,SM-I12PM-BD3,SnapMe Bumper Design 3 iPhone 12 Pro Max,,3
9360851001559,SM-I12PM-BD4,SnapMe Bumper Design 4 iPhone 12 Pro Max,,3
9360851001566,SM-I12PM-BD5,SnapMe Bumper Design 5 iPhone 12 Pro Max,,3
9360851001573,SM-I12PM-BD6,SnapMe Bumper Design 6 iPhone 12 Pro Max,,3
9360851001580,SM-I12PM-FD1,SnapMe Frosted Design 1 iPhone 12 Pro Max,,3
9360851001597,SM-I12PM-FD2,SnapMe Frosted Design 2 iPhone 12 Pro Max,,3
9360851001603,SM-I12PM-FD3,SnapMe Frosted Design 3 iPhone 12 Pro Max,,3
9360851001610,SM-I12PM-FD4,SnapMe Frosted Design 4 iPhone 12 Pro Max,,3
9360851001627,SM-I12PM-FD5,SnapMe Frosted Design 5 iPhone 12 Pro Max,,3
9360851001634,SM-I12PM-FD6,SnapMe Frosted Design 6 iPhone 12 Pro Max,,3
9360851001641,SM-I13-BD1,SnapMe Bumper Design 1 iPhone 13,,3
9360851001658,SM-I13-BD2,SnapMe Bumper Design 2 iPhone 13,,3
9360851001665,SM-I13-BD3,SnapMe Bumper Design 3 iPhone 13,,3
9360851001672,SM-I13-BD4,SnapMe Bumper Design 4 iPhone 13,,3
9360851001689,SM-I13-BD5,SnapMe Bumper Design 5 iPhone 13,,3
9360851001696,SM-I13-BD6,SnapMe Bumper Design 6 iPhone 13,,3
9360851001702,SM-I13-FD1,SnapMe Frosted Design 1 iPhone 13,,3
9360851001719,SM-I13-FD2,SnapMe Frosted Design 2 iPhone 13,,3
9360851001726,SM-I13-FD3,SnapMe Frosted Design 3 iPhone 13,,3
9360851001733,SM-I13-FD4,SnapMe Frosted Design 4 iPhone 13,,3
9360851001740,SM-I13-FD5,SnapMe Frosted Design 5 iPhone 13,,3
9360851001757,SM-I13-FD6,SnapMe Frosted Design 6 iPhone 13,,3
9360851001764,SM-I13P-BD1,SnapMe Bumper Design 1 iPhone 13 Pro,,3
9360851001771,SM-I13P-BD2,SnapMe Bumper Design 2 iPhone 13 Pro,,4
9360851001788,SM-I13P-BD3,SnapMe Bumper Design 3 iPhone 13 Pro,,4
9360851001795,SM-I13P-BD4,SnapMe Bumper Design 4 iPhone 13 Pro,,4
9360851001801,SM-I13P-BD5,SnapMe Bumper Design 5 iPhone 13 Pro,,4
9360851001818,SM-I13P-BD6,SnapMe Bumper Design 6 iPhone 13 Pro,,4
9360851001825,SM-I13P-FD1,SnapMe Frosted Design 1 iPhone 13 Pro,,4
9360851001832,SM-I13P-FD2,SnapMe Frosted Design 2 iPhone 13 Pro,,4
9360851001849,SM-I13P-FD3,SnapMe Frosted Design 3 iPhone 13 Pro,,4
9360851001856,SM-I13P-FD4,SnapMe Frosted Design 4 iPhone 13 Pro,,4
9360851001863,SM-I13P-FD5,SnapMe Frosted Design 5 iPhone 13 Pro,,4
9360851001870,SM-I13P-FD6,SnapMe Frosted Design 6 iPhone 13 Pro,,4
9360851001887,SM-I13PM-BD1,SnapMe Bumper Design 1 iPhone 13 Pro Max,,4
9360851001894,SM-I13PM-BD2,SnapMe Bumper Design 2 iPhone 13 Pro Max,,4
9360851001900,SM-I13PM-BD3,SnapMe Bumper Design 3 iPhone 13 Pro Max,,4
9360851001917,SM-I13PM-BD4,SnapMe Bumper Design 4 iPhone 13 Pro Max,,4
9360851001924,SM-I13PM-BD5,SnapMe Bumper Design 5 iPhone 13 Pro Max,,4
9360851001931,SM-I13PM-BD6,SnapMe Bumper Design 6 iPhone 13 Pro Max,,4
9360851001948,SM-I13PM-FD1,SnapMe Frosted Design 1 iPhone 13 Pro Max,,4
9360851001955,SM-I13PM-FD2,SnapMe Frosted Design 2 iPhone 13 Pro Max,,4
9360851001962,SM-I13PM-FD3,SnapMe Frosted Design 3 iPhone 13 Pro Max,,4
9360851001979,SM-I13PM-FD4,SnapMe Frosted Design 4 iPhone 13 Pro Max,,4
9360851001986,SM-I13PM-FD5,SnapMe Frosted Design 5 iPhone 13 Pro Max,,4
9360851001993,SM-I13PM-FD6,SnapMe Frosted Design 6 iPhone 13 Pro Max,,4
9360851002006,SM-I14-BD1,SnapMe Bumper Design 1 iPhone 14,,4
9360851002013,SM-I14-BD2,SnapMe Bumper Design 2 iPhone 14,,4
9360851002020,SM-I14-BD3,SnapMe Bumper Design 3 iPhone 14,,4
9360851002037,SM-I14-BD4,SnapMe Bumper Design 4 iPhone 14,,4
9360851002044,SM-I14-BD5,SnapMe Bumper Design 5 iPhone 14,,4
9360851002051,SM-I14-BD6,SnapMe Bumper Design 6 iPhone 14,,4
9360851002068,SM-I14-FD1,SnapMe Frosted Design 1 iPhone 14,,4
9360851002075,SM-I14-FD2,SnapMe Frosted Design 2 iPhone 14,,4
9360851002082,SM-I14-FD3,SnapMe Frosted Design 3 iPhone 14,,4
9360851002099,SM-I14-FD4,SnapMe Frosted Design 4 iPhone 14,,4
9360851002105,SM-I14-FD5,SnapMe Frosted Design 5 iPhone 14,,4
9360851002112,SM-I14-FD6,SnapMe Frosted Design 6 iPhone 14,,4
9360851002129,SM-I14P-BD1,SnapMe Bumper Design 1 iPhone 14 Pro,,4
9360851002136,SM-I14P-BD2,SnapMe Bumper Design 2 iPhone 14 Pro,,4
9360851002143,SM-I14P-BD3,SnapMe Bumper Design 3 iPhone 14 Pro,,4
9360851002150,SM-I14P-BD4,SnapMe Bumper Design 4 iPhone 14 Pro,,4
9360851002167,SM-I14P-BD5,SnapMe Bumper Design 5 iPhone 14 Pro,,4
9360851002174,SM-I14P-BD6,SnapMe Bumper Design 6 iPhone 14 Pro,,4
9360851002181,SM-I14P-FD1,SnapMe Frosted Design 1 iPhone 14 Pro,,4
9360851002198,SM-I14P-FD2,SnapMe Frosted Design 2 iPhone 14 Pro,,4
9360851002204,SM-I14P-FD3,SnapMe Frosted Design 3 iPhone 14 Pro,,4
9360851002211,SM-I14P-FD4,SnapMe Frosted Design 4 iPhone 14 Pro,,4
9360851002228,SM-I14P-FD5,SnapMe Frosted Design 5 iPhone 14 Pro,,4
9360851002235,SM-I14P-FD6,SnapMe Frosted Design 6 iPhone 14 Pro,,4
9360851002242,SM-I14PM-BD1,SnapMe Bumper Design 1 iPhone 14 Pro Max,,4
9360851002259,SM-I14PM-BD2,SnapMe Bumper Design 2 iPhone 14 Pro Max,,4
9360851002266,SM-I14PM-BD3,SnapMe Bumper Design 3 iPhone 14 Pro Max,,4
9360851002273,SM-I14PM-BD4,SnapMe Bumper Design 4 iPhone 14 Pro Max,,4
9360851002280,SM-I14PM-BD5,SnapMe Bumper Design 5 iPhone 14 Pro Max,,4
9360851002297,SM-I14PM-BD6,SnapMe Bumper Design 6 iPhone 14 Pro Max,,4
9360851002303,SM-I14PM-FD1,SnapMe Frosted Design 1 iPhone 14 Pro Max,,4
9360851002310,SM-I14PM-FD2,SnapMe Frosted Design 2 iPhone 14 Pro Max,,4
9360851002327,SM-I14PM-FD3,SnapMe Frosted Design 3 iPhone 14 Pro Max,,4
9360851002334,SM-I14PM-FD4,SnapMe Frosted Design 4 iPhone 14 Pro Max,,4
9360851002341,SM-I14PM-FD5,SnapMe Frosted Design 5 iPhone 14 Pro Max,,4
9360851002358,SM-I14PM-FD6,SnapMe Frosted Design 6 iPhone 14 Pro Max,,4
9360851002365,SM-I15-BD1,SnapMe Bumper Design 1 iPhone 15,,5
9360851002372,SM-I15-BD2,SnapMe Bumper Design 2 iPhone 15,,5
9360851002389,SM-I15-BD3,SnapMe Bumper Design 3 iPhone 15,,5
9360851002396,SM-I15-BD4,SnapMe Bumper Design 4 iPhone 15,,5
9360851002402,SM-I15-BD5,SnapMe Bumper Design 5 iPhone 15,,5
9360851002419,SM-I15-BD6,SnapMe Bumper Design 6 iPhone 15,,5
9360851002426,SM-I15-FD1,SnapMe Frosted Design 1 iPhone 15,,5
9360851002433,SM-I15-FD2,SnapMe Frosted Design 2 iPhone 15,,5
9360851002440,SM-I15-FD3,SnapMe Frosted Design 3 iPhone 15,,5
9360851002457,SM-I15-FD4,SnapMe Frosted Design 4 iPhone 15,,5
9360851002464,SM-I15-FD5,SnapMe Frosted Design 5 iPhone 15,,5
9360851002471,SM-I15-FD6,SnapMe Frosted Design 6 iPhone 15,,5
9360851002488,SM-I15P-BD1,SnapMe Bumper Design 1 iPhone 15 Pro,,5
9360851002495,SM-I15P-BD2,SnapMe Bumper Design 2 iPhone 15 Pro,,5
9360851002501,SM-I15P-BD3,SnapMe Bumper Design 3 iPhone 15 Pro,,5
9360851002518,SM-I15P-BD4,SnapMe Bumper Design 4 iPhone 15 Pro,,5
9360851002525,SM-I15P-BD5,SnapMe Bumper Design 5 iPhone 15 Pro,,5
9360851002532,SM-I15P-BD6,SnapMe Bumper Design 6 iPhone 15 Pro,,5
9360851002549,SM-I15P-FD1,SnapMe Frosted Design 1 iPhone 15 Pro,,5
9360851002556,SM-I15P-FD2,SnapMe Frosted Design 2 iPhone 15 Pro,,5
9360851002563,SM-I15P-FD3,SnapMe Frosted Design 3 iPhone 15 Pro,,5
9360851002570,SM-I15P-FD4,SnapMe Frosted Design 4 iPhone 15 Pro,,5
9360851002587,SM-I15P-FD5,SnapMe Frosted Design 5 iPhone 15 Pro,,5
9360851002594,SM-I15P-FD6,SnapMe Frosted Design 6 iPhone 15 Pro,,5
9360851002600,SM-I15PM-BD1,SnapMe Bumper Design 1 iPhone 15 Pro Max,,5
9360851002617,SM-I15PM-BD2,SnapMe Bumper Design 2 iPhone 15 Pro Max,,5
9360851002624,SM-I15PM-BD3,SnapMe Bumper Design 3 iPhone 15 Pro Max,,5
9360851002631,SM-I15PM-BD4,SnapMe Bumper Design 4 iPhone 15 Pro Max,,5
9360851002648,SM-I15PM-BD5,SnapMe Bumper Design 5 iPhone 15 Pro Max,,5
9360851002655,SM-I15PM-BD6,SnapMe Bumper Design 6 iPhone 15 Pro Max,,5
9360851002662,SM-I15PM-FD1,SnapMe Frosted Design 1 iPhone 15 Pro Max,,5
9360851002679,SM-I15PM-FD2,SnapMe Frosted Design 2 iPhone 15 Pro Max,,5
9360851002686,SM-I15PM-FD3,SnapMe Frosted Design 3 iPhone 15 Pro Max,,5
9360851002693,SM-I15PM-FD4,SnapMe Frosted Design 4 iPhone 15 Pro Max,,5
9360851002709,SM-I15PM-FD5,SnapMe Frosted Design 5 iPhone 15 Pro Max,,5
9360851002716,SM-I15PM-FD6,SnapMe Frosted Design 6 iPhone 15 Pro Max,,5
9360851002723,SM-S24-BD1,SnapMe Bumper Design 1 Samsung S24,,5
9360851002730,SM-S24-BD2,SnapMe Bumper Design 2 Samsung S24,,5
9360851002747,SM-S24-BD3,SnapMe Bumper Design 3 Samsung S24,,5
9360851002754,SM-S24-BD4,SnapMe Bumper Design 4 Samsung S24,,5
9360851002761,SM-S24-BD5,SnapMe Bumper Design 5 Samsung S24,,5
9360851002778,SM-S24-BD6,SnapMe Bumper Design 6 Samsung S24,,5
9360851002785,SM-S24-FD1,SnapMe Frosted Design 1 Samsung S24,,5
9360851002792,SM-S24-FD2,SnapMe Frosted Design 2 Samsung S24,,5
9360851002808,SM-S24-FD3,SnapMe Frosted Design 3 Samsung S24,,5
9360851002815,SM-S24-FD4,SnapMe Frosted Design 4 Samsung S24,,5
9360851002822,SM-S24-FD5,SnapMe Frosted Design 5 Samsung S24,,5
9360851002839,SM-S24-FD6,SnapMe Frosted Design 6 Samsung S24,,5
9360851002846,SM-S24P-BD1,SnapMe Bumper Design 1 Samsung S24 Plus,,5
9360851002853,SM-S24P-BD2,SnapMe Bumper Design 2 Samsung S24 Plus,,5
9360851002860,SM-S24P-BD3,SnapMe Bumper Design 3 Samsung S24 Plus,,5
9360851002877,SM-S24P-BD4,SnapMe Bumper Design 4 Samsung S24 Plus,,5
9360851002884,SM-S24P-BD5,SnapMe Bumper Design 5 Samsung S24 Plus,,5
9360851002891,SM-S24P-BD6,SnapMe Bumper Design 6 Samsung S24 Plus,,5
9360851002907,SM-S24P-FD1,SnapMe Frosted Design 1 Samsung S24 Plus,,5
9360851002914,SM-S24P-FD2,SnapMe Frosted Design 2 Samsung S24 Plus,,5
9360851002921,SM-S24P-FD3,SnapMe Frosted Design 3 Samsung S24 Plus,,5
9360851002938,SM-S24P-FD4,SnapMe Frosted Design 4 Samsung S24 Plus,,5
9360851002945,SM-S24P-FD5,SnapMe Frosted Design 5 Samsung S24 Plus,,5
9360851002952,SM-S24P-FD6,SnapMe Frosted Design 6 Samsung S24 Plus,,6
9360851002969,SM-I16-BD1,SnapMe Bumper Design 1 iPhone 16,,6
9360851002976,SM-I16-BD2,SnapMe Bumper Design 2 iPhone 16,,6
9360851002983,SM-I16-BD3,SnapMe Bumper Design 3 iPhone 16,,6
9360851002990,SM-I16-BD4,SnapMe Bumper Design 4 iPhone 16,,6
9360851003003,SM-I16-BD5,SnapMe Bumper Design 5 iPhone 16,,6
9360851003010,SM-I16-BD6,SnapMe Bumper Design 6 iPhone 16,,6
9360851003027,SM-I16-FD1,SnapMe Frosted Design 1 iPhone 16,,6
9360851003034,SM-I16-FD2,SnapMe Frosted Design 2 iPhone 16,,6
9360851003041,SM-I16-FD3,SnapMe Frosted Design 3 iPhone 16,,6
9360851003058,SM-I16-FD4,SnapMe Frosted Design 4 iPhone 16,,6
9360851003065,SM-I16-FD5,SnapMe Frosted Design 5 iPhone 16,,6
9360851003072,SM-I16-FD6,SnapMe Frosted Design 6 iPhone 16,,6
9360851003089,SM-S23-BD1,SnapMe Bumper Design 1 Samsung S23,,6
9360851003096,SM-S23-BD2,SnapMe Bumper Design 2 Samsung S23,,6
9360851003102,SM-S23-BD3,SnapMe Bumper Design 3 Samsung S23,,6
9360851003119,SM-S23-BD4,SnapMe Bumper Design 4 Samsung S23,,6
9360851003126,SM-S23-BD5,SnapMe Bumper Design 5 Samsung S23,,6
9360851003133,SM-S23-BD6,SnapMe Bumper Design 6 Samsung S23,,6
9360851003140,SM-S23-FD1,SnapMe Frosted Design 1 Samsung S23,,6
9360851003157,SM-S23-FD2,SnapMe Frosted Design 2 Samsung S23,,6
9360851003164,SM-S23-FD3,SnapMe Frosted Design 3 Samsung S23,,6
9360851003171,SM-S23-FD4,SnapMe Frosted Design 4 Samsung S23,,6
9360851003188,SM-S23-FD5,SnapMe Frosted Design 5 Samsung S23,,6
9360851003195,SM-S23-FD6,SnapMe Frosted Design 6 Samsung S23,,6
9360851003201,SM-S23P-BD1,SnapMe Bumper Design 1 Samsung S23 Plus,,6
9360851003218,SM-S23P-BD2,SnapMe Bumper Design 2 Samsung S23 Plus,,6
9360851003225,SM-S23P-BD3,SnapMe Bumper Design 3 Samsung S23 Plus,,6
9360851003232,SM-S23P-BD4,SnapMe Bumper Design 4 Samsung S23 Plus,,6
9360851003249,SM-S23P-BD5,SnapMe Bumper Design 5 Samsung S23 Plus,,6
9360851003256,SM-S23P-BD6,SnapMe Bumper Design 6 Samsung S23 Plus,,6
9360851003263,SM-S23P-FD1,SnapMe Frosted Design 1 Samsung S23 Plus,,6
9360851003270,SM-S23P-FD2,SnapMe Frosted Design 2 Samsung S23 Plus,,6
9360851003287,SM-S23P-FD3,SnapMe Frosted Design 3 Samsung S23 Plus,,6
9360851003294,SM-S23P-FD4,SnapMe Frosted Design 4 Samsung S23 Plus,,6
9360851003300,SM-S23P-FD5,SnapMe Frosted Design 5 Samsung S23 Plus,,6
9360851003317,SM-S23P-FD6,SnapMe Frosted Design 6 Samsung S23 Plus,,6
9360851003324,SM-S23U-BD1,SnapMe Bumper Design 1 Samsung S23 Ultra,,6
9360851003331,SM-S23U-BD2,SnapMe Bumper Design 2 Samsung S23 Ultra,,6
9360851003348,SM-S23U-BD3,SnapMe Bumper Design 3 Samsung S23 Ultra,,6
9360851003355,SM-S23U-BD4,SnapMe Bumper Design 4 Samsung S23 Ultra,,6
9360851003362,SM-S23U-BD5,SnapMe Bumper Design 5 Samsung S23 Ultra,,6
9360851003379,SM-S23U-BD6,SnapMe Bumper Design 6 Samsung S23 Ultra,,6
9360851003386,SM-S23U-FD1,SnapMe Frosted Design 1 Samsung S23 Ultra,,6
9360851003393,SM-S23U-FD2,SnapMe Frosted Design 2 Samsung S23 Ultra,,6
9360851003409,SM-S23U-FD3,SnapMe Frosted Design 3 Samsung S23 Ultra,,6
9360851003416,SM-S23U-FD4,SnapMe Frosted Design 4 Samsung S23 Ultra,,6
9360851003423,SM-S23U-FD5,SnapMe Frosted Design 5 Samsung S23 Ultra,,6
9360851003430,SM-S23U-FD6,SnapMe Frosted Design 6 Samsung S23 Ultra,,6
9360851003447,SM-S24U-BD1,SnapMe Bumper Design 1 Samsung S24 Ultra,,6
9360851003454,SM-S24U-BD2,SnapMe Bumper Design 2 Samsung S24 Ultra,,6
9360851003461,SM-S24U-BD3,SnapMe Bumper Design 3 Samsung S24 Ultra,,6
9360851003478,SM-S24U-BD4,SnapMe Bumper Design 4 Samsung S24 Ultra,,6
9360851003485,SM-S24U-BD5,SnapMe Bumper Design 5 Samsung S24 Ultra,,6
9360851003492,SM-S24U-BD6,SnapMe Bumper Design 6 Samsung S24 Ultra,,6
9360851003508,SM-S24U-FD1,SnapMe Frosted Design 1 Samsung S24 Ultra,,6
9360851003515,SM-S24U-FD2,SnapMe Frosted Design 2 Samsung S24 Ultra,,6
9360851003522,SM-S24U-FD3,SnapMe Frosted Design 3 Samsung S24 Ultra,,6
9360851003539,SM-S24U-FD4,SnapMe Frosted Design 4 Samsung S24 Ultra,,6
9360851003546,SM-S24U-FD5,SnapMe Frosted Design 5 Samsung S24 Ultra,,7
9360851003553,SM-S24U-FD6,SnapMe Frosted Design 6 Samsung S24 Ultra,,7
9360851003560,SM-I16PL-CLR,SnapMe Bumper IP 16 Plus,,7
9360851003577,SM-I16PL-FCL,SnapMe Frosted IP 16 Plus,,7
9360851003584,SM-I16PL-FG,SnapMe Frosted IP 16 Plus,,7
9360851003591,SM-I16PL-FP,SnapMe Frosted IP 16 Plus,,7
9360851003607,SM-I16PL-FB,SnapMe Frosted IP 16 Plus,,7
9360851003614,SM-I16PL-FC,SnapMe Frosted IP 16 Plus,,7
9360851003621,SM-I16PL-BD1,SnapMe Bumper Design 1 iPhone 16 Plus,,7
9360851003638,SM-I16PL-BD2,SnapMe Bumper Design 2 iPhone 16 Plus,,7
9360851003645,SM-I16PL-BD3,SnapMe Bumper Design 3 iPhone 16 Plus,,7
9360851003652,SM-I16PL-BD4,SnapMe Bumper Design 4 iPhone 16 Plus,,7
9360851003669,SM-I16PL-BD5,SnapMe Bumper Design 5 iPhone 16 Plus,,7
9360851003676,SM-I16PL-BD6,SnapMe Bumper Design 6 iPhone 16 Plus,,7
9360851003683,SM-I16PL-FD1,SnapMe Frosted Design 1 iPhone 16 Plus,,7
9360851003690,SM-I16PL-FD2,SnapMe Frosted Design 2 iPhone 16 Plus,,7
9360851003706,SM-I16PL-FD3,SnapMe Frosted Design 3 iPhone 16 Plus,,7
9360851003713,SM-I16PL-FD4,SnapMe Frosted Design 4 iPhone 16 Plus,,7
9360851003720,SM-I16PL-FD5,SnapMe Frosted Design 5 iPhone 16 Plus,,7
9360851003737,SM-I16PL-FD6,SnapMe Frosted Design 6 iPhone 16 Plus,,7
9360851003744,SM-I16P-CLR,SnapMe Bumper IP 16 Pro,,7
9360851003751,SM-I16P-FCL,SnapMe Frosted IP 16 Pro,,7
9360851003768,SM-I16P-FG,SnapMe Frosted IP 16 Pro,,7
9360851003775,SM-I16P-FP,SnapMe Frosted IP 16 Pro,,7
9360851003782,SM-I16P-FB,SnapMe Frosted IP 16 Pro,,7
9360851003799,SM-I16P-FC,SnapMe Frosted IP 16 Pro,,7
9360851003805,SM-I16P-BD1,SnapMe Bumper Design 1 iPhone 16 Pro,,7
9360851003812,SM-I16P-BD2,SnapMe Bumper Design 2 iPhone 16 Pro,,7
9360851003829,SM-I16P-BD3,SnapMe Bumper Design 3 iPhone 16 Pro,,7
9360851003836,SM-I16P-BD4,SnapMe Bumper Design 4 iPhone 16 Pro,,7
9360851003843,SM-I16P-BD5,SnapMe Bumper Design 5 iPhone 16 Pro,,7
9360851003850,SM-I16P-BD6,SnapMe Bumper Design 6 iPhone 16 Pro,,7
9360851003867,SM-I16P-FD1,SnapMe Frosted Design 1 iPhone 16 Pro,,7
9360851003874,SM-I16P-FD2,SnapMe Frosted Design 2 iPhone 16 Pro,,7
9360851003881,SM-I16P-FD3,SnapMe Frosted Design 3 iPhone 16 Pro,,7
9360851003898,SM-I16P-FD4,SnapMe Frosted Design 4 iPhone 16 Pro,,7
9360851003904,SM-I16P-FD5,SnapMe Frosted Design 5 iPhone 16 Pro,,7
9360851003911,SM-I16P-FD6,SnapMe Frosted Design 6 iPhone 16 Pro,,7
9360851003928,SM-I16P-CLR,SnapMe Bumper IP 16 Pro Max,,7
9360851003935,SM-I16P-FCL,SnapMe Frosted IP 16 Pro Max,,7
9360851003942,SM-I16P-FG,SnapMe Frosted IP 16 Pro Max,,7
9360851003959,SM-I16P-FP,SnapMe Frosted IP 16 Pro Max,,7
9360851003966,SM-I16P-FB,SnapMe Frosted IP 16 Pro Max,,7
9360851003973,SM-I16P-FC,SnapMe Frosted IP 16 Pro Max,,7
9360851003980,SM-I16P-BD1,SnapMe Bumper Design 1 iPhone 16 Pro Max,,7
9360851003997,SM-I16P-BD2,SnapMe Bumper Design 2 iPhone 16 Pro Max,,7
9360851004000,SM-I16P-BD3,SnapMe Bumper Design 3 iPhone 16 Pro Max,,7
9360851004017,SM-I16P-BD4,SnapMe Bumper Design 4 iPhone 16 Pro Max,,7
9360851004024,SM-I16P-BD5,SnapMe Bumper Design 5 iPhone 16 Pro Max,,7
9360851004031,SM-I16P-BD6,SnapMe Bumper Design 6 iPhone 16 Pro Max,,7
9360851004048,SM-I16P-FD1,SnapMe Frosted Design 1 iPhone 16 Pro Max,,7
9360851004055,SM-I16P-FD2,SnapMe Frosted Design 2 iPhone 16 Pro Max,,7
9360851004062,SM-I16P-FD3,SnapMe Frosted Design 3 iPhone 16 Pro Max,,7
9360851004079,SM-I16P-FD4,SnapMe Frosted Design 4 iPhone 16 Pro Max,,7
9360851004086,SM-I16P-FD5,SnapMe Frosted Design 5 iPhone 16 Pro Max,,7
9360851004093,SM-I16P-FD6,SnapMe Frosted Design 6 iPhone 16 Pro Max,,7
9360851004109,TYCRD1,Thank You Card 1,,7
9360851004116,TYCRD2,Thank You Card 2,,7
9360851004123,TYCRD3,Thank You Card 3,,7
9360851004130,TYCRD4,Thank You Card 4,,8
9360851004147,SNP-FMLT-SRD,FindMy Luggage Tag - Scarlet Red,,8
9360851004154,SNP-FMLT-TAO,FindMy Luggage Tag - Tangelo Orange,,8
9360851004161,SNP-FMLT-FOG,FindMy Luggage Tag - Forest Green,,8
9360851004178,SNP-FMLT-SUY,FindMy Luggage Tag - Sundrop Yellow,,8
9360851004185,SNP-FMLT-JAG,FindMy Luggage Tag - Jade Green,,8
9360851004192,SNP-FMLT-LVP,FindMy Luggage Tag - Lavender Purple,,8
9360851004208,PPUSLM-SUY,PowerPack Universal Slim - Sundrop Yellow,,8
9360851004215,PPUSLM-JAG,PowerPack Universal Slim - Jade Green,,8
9360851004222,PPN-JAG,PowerPack Nano - Jade Green,,8
9360851004239,PPN-SUY,PowerPack Nano - Sundrop Yellow,,8
9360851004246,PPN-FOG,PowerPack Nano - Forest Green,,8
9360851004253,PPN-LVP,PowerPack Nano - Lavender Purple,,8
9360851004260,PPN-BLU,PowerPack Nano - Sky Blue,,8
9360851004277,PPN-BGE,PowerPack Nano - Sandy Beige,,8
9360851004284,PPS2-AS,PowerPack Slim 2 - Arctic Silver,,8
9360851004291,PPS2-SB,PowerPack Slim 2 - Steel Blue,,8
9360851004307,PPS2-BS,PowerPack Slim 2 - Blush Sage,,8
9360851004314,PPS2-BR,PowerPack Slim 2 - Blush Rose,,8
9360851004321,PPS2PRO-SLT,PowerPack Slim 2 Pro - Slate,,8
9360851004338,PPS2PRO-SS,PowerPack Slim 2 Pro - Sandstone,,8
9360851004345,SW-BLK,SnapWallet - Midnight Black,,8
9360851004352,SW-GRY,SnapWallet - Stone Grey,,8
9360851004369,SW-BRW,SnapWallet - Tan Brown,,8
9360851004376,PLG-PPU-AU,PPU AU Plug - Black,,8
9360851004383,PLG-PPU-EU,PPU EU Plug - Black,,8
9360851004390,PLG-PPU-UK,PPU UK Plug - Black,,8
9360851004406,PLG-PPUSLM-AU-WHT,PPU Slim AU Plug - White,,8
9360851004413,PLG-PPUSLM-EU-WHT,PPU Slim EU Plug - White,,8
9360851004420,PLG-PPUSLM-UK-WHT,PPU Slim UK Plug - White,,8
9360851004437,PLG-PPUSLM-AU-BLK,PPU Slim AU Plug - Black,,8
9360851004444,PLG-PPUSLM-EU-BLK,PPU Slim EU Plug - Black,,8
9360851004451,PLG-PPUSLM-UK-BLK,PPU Slim UK Plug - Black,,8
9360851004468,LN-BLK,Locking Nut - Black,,8
9360851004475,PLG-PPU2-AU,PPU2 AU Plug - Black,,8
9360851004482,PLG-PPU2-EU,PPU2 EU Plug - Black,,8
9360851004499,PLG-PPU2-UK,PPU2 UK Plug - Black,,8
9360851004505,PLG-PPU2-US,PPU2 US Plug - Black,,8
9360851004512,PPU2-BLK,PowerPack Universal 2 - Midnight Black,,8
9360851004529,PPU2-WHT,PowerPack Universal 2 - Crisp White,,8
9360851004536,PPU2-BLU,PowerPack Universal 2 - Sky Blue,,8
9360851004543,PPU2-LVP,PowerPack Universal 2 - Lavender Purple,,8
9360851004550,PB4-BLK,PowerBase 4 - Midnight Black,,8
9360851004567,PB4-WHT,PowerBase 4 - Crisp White,,8
9360851004574,PB4-JAG,PowerBase 4 - Jade Green,,8
9360851004581,PPUSM-WHT,PowerPack Universal - White,,8
9360851004598,PPM-WHT,PowerPack Mini - White,,8
9360851004604,PPM-BLK,PowerPack Mini - Black,,8
9360851004611,PPM-PNK,PowerPack Mini - Pink,,8
9360851004628,SFCA100-BLK,100W USB-C Charging Cable - Black,,8
9360851004635,SFCA100-WHT,100W USB-C Charging Cable - White,,8
9360851004642,SFCA60-BLK,60W USB-C to Lightning Charging Cable - Black,,8
9360851004659,SFCA60-WHT,60W USB-C to Lightning Charging Cable,,8
9360851004666,POK-WHT,PowerOne Kit - White,,8
9360851004673,WC2-BLK,Watch Charger - Black,,8
9360851004680,WC2-WHT,Watch Charger - White,,8
9360851004697,WC2-JAG,Watch Charger - Jade Green,,8
9360851004703,TTPRO-PS,Trvlr Tag Pro - Platinum Silver,,8
9360851004710,TTPRO-BLK,Trvlr Tag Pro - Midnight Black,,8
9360851004727,TTPRO-TAO,Trvlr Tag Pro - Tangelo Orange,,9
9360851004734,TTPRO-MOC,Trvlr Tag Pro - Mocha,,9
9360851004741,TTPRO-SRD,Trvlr Tag Pro - Scarlett Red,,9
9360851004758,TOBLK2,Tech Organiser - Black,,9
9360851004765,GAN65WAU-WHT,65W GaN Charger - White,,9
9360851004772,TTPRO-WHT,Trvlr Tag Pro - Crisp White,,9
9360851004789,PPS2-TB,PowerPack Slim 2 - Titan Black,,9
9360851004796,PPU2-BLK-2C,PowerPack Universal 2 - Dual C - Midnight Black,,9
9360851004802,PPU2-WHT-2C,PowerPack Universal 2 - Dual C - Crisp White,,9
9360851004819,PPU2-BLU-2C,PowerPack Universal 2 - Dual C - Sky Blue,,9
9360851004826,PPU2-LVP-2C,PowerPack Universal 2 - Dual C - Lavender Purple,,9
9360851004833,POK-BLK,PowerOne Kit - Black,,9
9360851004840,PPN-BLK,PowerPack Nano - Black,,9
9360851004857,PPN-WHT,PowerPack Nano - White,,9
9360851004864,GAN65WUS-WHT,65W GaN Charger US - White,,9
9360851004871,GB-M-WHT,Gift Bag - Medium - White,,9
9360851004888,GB-S-WHT,Gift Bag - Small - White,,9
9360851004895,FF-DNS,FindeeFrendz - Kids FindMy Tracker - Dinosaur,,9
9360851004901,FF-BB,FindeeFrendz - Kids FindMy Tracker - Basketball,,9
9360851004918,FF-DOG,FindeeFrendz - Kids FindMy Tracker - Dog,,9
9360851004925,FF-FLW,FindeeFrendz - Kids FindMy Tracker - Flower,,9
9360851004932,FF-SCB,FindeeFrendz - Kids FindMy Tracker - Soccer,,9
9360851004949,FF-FOX,FindeeFrendz - Kids FindMy Tracker - Fox,,9
9360851004956,FF-RNB,FindeeFrendz - Kids FindMy Tracker - Rainbow,,9
9360851004963,FF-STW,FindeeFrendz - Kids FindMy Tracker - Strawberry,,9
9360851004970,FF-UNI,FindeeFrendz - Kids FindMy Tracker - Unicorn,,9
9360851004987,SM-I17-CLR,SnapMe Bumper iPhone 17,,9
9360851004994,SM-I17A-CLR,SnapMe Bumper iPhone 17 Air,,9
9360851005007,SM-I17P-CLR,SnapMe Bumper iPhone 17 Pro,,9
9360851005014,SM-I17PM-CLR,SnapMe Bumper iPhone 17 Pro Max,,9
9360851005021,FF-KOA,FindeeFrendz - Kids FindMy Tracker - Koala,,9
9360851005038,FF-KIT,FindeeFrendz - Kids FindMy Tracker - Kitten,,9
9360851005045,FF-SKBD,FindeeFrendz - Kids FindMy Tracker - Skateboard,,9
9360851005052,FF-BUR,FindeeFrendz - Kids FindMy Tracker - Burger,,9
9360851005069,FF-CSM,FindeeFrendz - Kids FindMy Tracker - Cool Smiley,,9
9360851005076,FF-SML,FindeeFrendz - Kids FindMy Tracker - Smiley,,9
9360851005083,FF-ROC,FindeeFrendz - Kids FindMy Tracker - Rocket,,9
9360851005090,AS-WAA-BLK,AiraSound - Wireless Audio Adapter,,9
9360851005106,PP3-BLK,"PowerPack 3 - 10,000mAh Power Bank - Black",,9
9360851005113,PP3-WHT,"PowerPack 3 - 10,000mAh Power Bank - White",,9
9360851005120,PD2-BLK,PowerDock 2 - 4 in 1 Charging Dock - Black,,9
9360851005137,PD2-WHT,PowerDock 2 - 4 in 1 Charging Dock - White,,9
9360851005144,PP3CD-BLK,PowerPack 3 Charging Dock - Black,,9
9360851005151,PP3CD-WHT,PowerPack 3 Charging Dock - White,,9
9360851005168,GB-M-XMAS,Gift Bag - Medium - Xmas,,9
9360851005175,GB-S-XMAS,Gift Bag - Small - Xmas,,9
9360851005182,PPS2PRO-TB,PowerPack Slim 2 Pro - Titan Black,,9
9360851005199,PB4-BGE,PowerBase 4 - Sandy Beige,,9
9360851005205,PB4-BRW,PowerBase 4 - Cocoa Brown,,9
9360851005212,PPS2PRO-PW,PowerPack Slim 2 Pro - Platinum White,,9
9360851005229,PP3CA-C-BLK,PowerPack 3 - USB-C Cable - Black,,9
9360851005236,PP3CA-C-WHT,PowerPack 3 - USB-C Cable - White,,9
9360851005243,PP3CA-L-BLK,PowerPack 3 - Lightning Cable - Black,,9
9360851005250,PP3CA-L-WHT,PowerPack 3 - Lightning Cable - White,,9
9360851005267,WC2-BGE,Watch Charger - Sandy Beige,,9
9360851005274,WC2-BRW,Watch Charger - Cocoa Brown,,9
9360851005281,PPU2-PNK,PowerPack Universal 2 - Blush Pink,,9
9360851005298,PPU2-PNK-2C,PowerPack Universal 2 - Dual C - Blush Pink,,9
9360851005304,PPU2-BGE,PowerPack Universal 2 - Sandy Beige,,9
9360851005311,PPU2-BGE-2C,PowerPack Universal 2 - Dual C - Sandy Beige,,10
9360851005328,PPU2-GRN,PowerPack Universal 2 - Mint Green,,10
9360851005335,PPU2-GRN-2C,PowerPack Universal 2 - Dual C - Mint Green,,10
9360851005342,TLS-WHT,Trvlr Luggage Scale - White,,10
9360851005359,GAN30WAU-WHT,30W GaN Charger - White,,10
9360851005366,PLGAC-PPU2-WHT,PPU2 AC Plug - White,,10
9360851005373,PLGAC-PPU2-BLK,PPU2 AC Plug - Black,,10
9360851005380,PLGAC-PPU2-BLU,PPU2 AC Plug - Blue,,10
9360851005397,PLGAC-PPU2-LVP,PPU2 AC Plug - Purple,,10
9360851005403,PPS3-WHT,PowerPack Slim 3 - Crisp White,,10
9360851005410,PPS3-BLU,PowerPack Slim 3 - Sky Blue,,10
9360851005427,PPS3-BLK,PowerPack Slim 3 - Midnight Black,,10
9360851005434,PPS3-PNK,PowerPack Slim 3 - Blush Pink,,10
9360851005441,PPM2-BLK,PowerPack Mini 2 - Midnight Black,,10
9360851005458,PPM2-WHT,PowerPack Mini 2 - Crisp White,,10
9360851005465,PPM2-BLU,PowerPack Mini 2 - Sky Blue,,10
9360851005472,PPM2-LVP,PowerPack Mini 2 - Lavender Purple,,10
9360851005489,PPM2-AW-BLK,PowerPack Mini 2 - Apple Watch - Midnight Black,,10
9360851005496,PPM2-AW-WHT,PowerPack Mini 2 - Apple Watch - Crisp White,,10
9360851005502,PPM2-AW-BLU,PowerPack Mini 2 - Apple Watch - Sky Blue,,10
9360851005519,PPM2-AW-LVP,PowerPack Mini 2 - Apple Watch - Lavender Purple,,10
9360851005526,PPM2-SW-BLK,PowerPack Mini 2 - Samsung Watch - Midnight Black,,10
9360851005533,PPM2-SW-WHT,PowerPack Mini 2 - Samsung Watch - Crisp White,,10
9360851005540,PPM2-SW-BLU,PowerPack Mini 2 - Samsung Watch - Sky Blue,,10
9360851005557,PPM2-SW-LVP,PowerPack Mini 2 - Samsung Watch - Lavender Purple,,10
9360851005564,PPRM-BLK,PowerPack Roam Max - Midnight Black,,10
9360851005571,PPRM-WHT,PowerPack Roam Max - Crisp White,,10
9360851005588,TVB-19L-BLK,Trvlr Vacuum Bag - 19L - Black,,10
9360851005595,PPMX-10K-BLK,"PowerPack Max - 10,000mAh - Midnight Black",,10
9360851005601,PPMX-10K-BLK,"PowerPack Max - 10,000mAh - Crisp White",,10
9360851005618,PPMX-10K-BLK,"PowerPack Max - 10,000mAh - Sky Blue",,10
9360851005625,PPMX-10K-BLK,"PowerPack Max - 10,000mAh - Blush Pink",,10
9360851005632,PPMX-20K-BLK,"PowerPack Max - 20,000mAh - Midnight Black",,10
9360851005649,PPMX-20K-WHT,"PowerPack Max - 20,000mAh - Crisp White",,10
9360851005656,PPMX-20K-BLU,"PowerPack Max - 20,000mAh - Sky Blue",,10
9360851005663,PPMX-20K-PNK,"PowerPack Max - 20,000mAh - Blush Pink",,10
